,name,datetime,temp,feelslike,dew,humidity,precip,precipprob,preciptype,snow,snowdepth,windgust,windspeed,winddir,sealevelpressure,cloudcover,visibility,solarradiation,solarenergy,uvindex,severerisk,conditions,icon,stations

0,EFHK,2022-09-25T00:00:00,9.0,9.0,7.0,87.28,0.0,0.0,,0,0,11.2,3.6,20.0,1015.0,32.3,10.0,0.0,,0,10,Partially cloudy,partly-cloudy-night,EFHK

1,EFHK,2022-09-25T01:00:00,8.0,7.3,7.0,93.4,0.0,0.0,,0,0,11.9,5.4,360.0,1014.0,42.9,10.0,0.0,,0,10,Partially cloudy,partly-cloudy-night,EFHK

2,EFHK,2022-09-25T02:00:00,6.0,3.9,5.0,93.3,0.0,0.0,,0,0,11.9,9.4,320.0,1014.0,0.0,10.0,0.0,,0,10,Clear,clear-night,EFHK

3,EFHK,2022-09-25T03:00:00,7.0,5.5,6.0,93.35,0.0,0.0,,0,0,12.2,7.6,330.0,1014.0,4.2,10.0,0.0,,0,10,Clear,clear-night,EFHK

4,EFHK,2022-09-25T04:00:00,7.0,5.1,6.0,93.35,0.0,0.0,,0,0,12.2,9.4,330.0,1014.0,23.2,10.0,0.0,,0,10,Partially cloudy,partly-cloudy-night,EFHK

5,EFHK,2022-09-25T05:00:00,5.0,2.8,5.0,100.0,0.0,0.0,,0,0,10.8,9.4,320.0,1014.0,13.1,10.0,0.0,,0,10,Clear,clear-night,EFHK

6,EFHK,2022-09-25T06:00:00,5.0,3.2,5.0,100.0,0.0,0.0,,0,0,10.8,7.6,330.0,1013.0,0.0,10.0,0.0,,0,10,Clear,clear-night,EFHK

7,EFHK,2022-09-25T07:00:00,6.0,3.9,5.0,93.3,0.0,0.0,,0,0,11.5,9.4,340.0,1013.0,25.0,10.0,0.0,,0,10,Partially cloudy,partly-cloudy-night,EFHK

8,EFHK,2022-09-25T08:00:00,6.0,3.9,6.0,100.0,0.0,0.0,,0,0,12.2,9.4,330.0,1013.0,25.0,10.0,12.0,0.0,0,10,Partially cloudy,partly-cloudy-day,EFHK

9,EFHK,2022-09-25T09:00:00,7.0,7.0,6.0,93.35,0.0,0.0,,0,0,14.8,6.8,346.8,1013.0,14.6,10.0,76.0,0.3,1,10,Clear,clear-day,EFHK

10,EFHK,2022-09-25T10:00:00,8.0,6.3,6.0,87.19,0.0,0.0,,0,0,18.0,9.4,340.0,1012.0,77.7,10.0,167.0,0.6,2,10,Partially cloudy,partly-cloudy-day,EFHK

11,EFHK,2022-09-25T11:00:00,9.0,6.9,6.0,81.48,0.0,0.0,,0,0,22.0,13.0,360.0,1012.0,25.0,10.0,270.0,1.0,3,10,Partially cloudy,partly-cloudy-day,EFHK

12,EFHK,2022-09-25T12:00:00,10.0,7.5,4.0,66.28,0.0,0.0,,0,0,24.1,18.4,10.0,1012.0,25.0,10.0,351.0,1.3,4,10,Partially cloudy,partly-cloudy-day,EFHK

13,EFHK,2022-09-25T13:00:00,11.0,11.0,4.0,62.0,0.0,0.0,,0,0,26.6,20.5,340.0,1011.0,25.0,10.0,415.0,1.5,4,10,Partially cloudy,partly-cloudy-day,EFHK

14,EFHK,2022-09-25T14:00:00,12.0,12.0,2.0,50.37,0.0,0.0,,0,0,29.9,20.5,340.0,1011.0,25.0,10.0,440.0,1.6,4,10,Partially cloudy,partly-cloudy-day,EFHK

15,EFHK,2022-09-25T15:00:00,11.0,11.0,3.0,57.78,0.0,0.0,,0,0,29.9,16.6,340.0,1010.0,25.0,10.0,403.0,1.5,4,10,Partially cloudy,partly-cloudy-day,EFHK

16,EFHK,2022-09-25T16:00:00,12.0,12.0,3.0,54.08,0.0,0.0,,0,0,27.4,18.4,350.0,1010.0,25.0,10.0,350.0,1.3,4,10,Partially cloudy,partly-cloudy-day,EFHK

17,EFHK,2022-09-25T17:00:00,11.0,11.0,3.0,57.78,0.0,0.0,,0,0,24.8,16.6,350.0,1010.0,25.0,10.0,265.0,1.0,3,10,Partially cloudy,partly-cloudy-day,EFHK

18,EFHK,2022-09-25T18:00:00,11.0,11.0,3.0,57.78,0.0,0.0,,0,0,21.6,13.0,330.0,1009.0,25.0,10.0,146.0,0.5,1,10,Partially cloudy,partly-cloudy-day,EFHK

19,EFHK,2022-09-25T19:00:00,11.0,11.0,3.0,57.78,0.0,0.0,,0,0,17.3,9.4,20.0,1009.0,88.0,10.0,36.0,0.1,0,10,Partially cloudy,partly-cloudy-day,EFHK

20,EFHK,2022-09-25T20:00:00,9.0,9.0,4.7,74.44,0.0,0.0,,0,0,15.8,4.7,53.3,1009.0,100.0,24.1,0.0,,0,10,Overcast,cloudy,

21,EFHK,2022-09-25T21:00:00,8.4,8.4,4.7,77.53,0.0,0.0,,0,0,10.1,3.6,29.9,1008.0,100.0,24.1,0.0,,0,10,Overcast,cloudy,

22,EFHK,2022-09-25T22:00:00,7.9,7.9,4.8,80.77,0.0,23.8,,0,0,7.2,3.2,21.9,1008.0,100.0,24.1,0.0,,0,10,Overcast,cloudy,

23,EFHK,2022-09-25T23:00:00,7.4,7.4,4.7,82.99,0.0,23.8,,0,0,6.8,3.2,33.9,1008.0,100.0,24.1,0.0,,0,10,Overcast,cloudy,

24,EFHK,2022-09-26T00:00:00,7.0,7.0,4.7,85.29,0.0,23.8,,0,0,7.2,3.6,40.5,1008.0,100.0,24.1,0.0,,0,10,Overcast,cloudy,

25,EFHK,2022-09-26T01:00:00,6.7,6.7,4.6,86.46,0.0,23.8,,0,0,7.2,3.2,49.9,1007.0,100.0,24.1,0.0,,0,10,Overcast,cloudy,

26,EFHK,2022-09-26T02:00:00,6.5,6.5,4.6,87.66,0.0,23.8,,0,0,8.3,4.0,59.6,1007.0,100.0,24.1,0.0,,0,10,Overcast,cloudy,

27,EFHK,2022-09-26T03:00:00,6.5,5.6,4.7,88.27,0.0,23.8,,0,0,11.2,5.4,58.5,1007.0,100.0,24.1,0.0,,0,10,Overcast,cloudy,

28,EFHK,2022-09-26T04:00:00,6.5,5.5,4.9,89.51,0.0,9.5,,0,0,12.2,5.8,60.5,1007.0,100.0,24.1,0.0,,0,10,Overcast,cloudy,

29,EFHK,2022-09-26T05:00:00,6.5,5.3,5.2,91.4,0.0,9.5,,0,0,13.3,6.5,62.9,1007.0,100.0,24.1,0.0,,0,10,Overcast,cloudy,

30,EFHK,2022-09-26T06:00:00,6.6,5.2,5.5,92.68,0.0,9.5,,0,0,15.5,7.2,60.1,1006.0,96.7,24.1,0.0,,0,10,Overcast,cloudy,

31,EFHK,2022-09-26T07:00:00,6.6,5.6,5.7,93.98,0.0,9.5,,0,0,15.5,5.8,58.0,1006.0,100.0,24.1,0.0,,0,10,Overcast,cloudy,

32,EFHK,2022-09-26T08:00:00,6.9,6.9,6.0,93.99,0.0,9.5,,0,0,12.6,4.7,60.1,1005.0,100.0,24.1,6.0,0.0,0,10,Overcast,cloudy,

33,EFHK,2022-09-26T09:00:00,8.3,8.3,6.4,87.82,0.0,9.5,,0,0,9.7,4.7,81.7,1005.0,99.8,24.1,41.0,0.1,0,10,Overcast,cloudy,

34,EFHK,2022-09-26T10:00:00,9.8,9.4,7.1,83.28,0.0,4.8,,0,0,11.9,5.4,125.9,1005.0,95.6,24.1,88.0,0.3,1,10,Overcast,cloudy,

35,EFHK,2022-09-26T11:00:00,11.3,11.3,7.8,79.05,0.0,4.8,,0,0,23.0,10.4,155.3,1006.0,95.2,24.1,52.0,0.2,1,10,Overcast,cloudy,

36,EFHK,2022-09-26T12:00:00,11.7,11.7,8.0,78.04,0.0,4.8,,0,0,26.6,11.9,148.7,1006.0,81.5,24.1,98.0,0.4,1,10,Partially cloudy,partly-cloudy-day,

37,EFHK,2022-09-26T13:00:00,12.2,12.2,7.2,71.5,0.0,4.8,,0,0,30.2,13.7,151.6,1006.0,99.3,24.1,340.0,1.2,3,10,Overcast,cloudy,

38,EFHK,2022-09-26T14:00:00,11.9,11.9,7.7,75.46,0.0,4.8,,0,0,31.3,13.0,152.8,1006.0,84.9,24.1,417.0,1.5,4,10,Partially cloudy,partly-cloudy-day,

39,EFHK,2022-09-26T15:00:00,12.6,12.6,7.8,72.56,0.0,4.8,,0,0,29.2,11.9,132.8,1006.0,67.8,24.1,399.0,1.4,4,10,Partially cloudy,partly-cloudy-day,

40,EFHK,2022-09-26T16:00:00,12.8,12.8,7.7,71.13,0.0,9.5,,0,0,29.9,13.3,127.7,1007.0,76.2,24.1,344.0,1.2,3,10,Partially cloudy,partly-cloudy-day,

41,EFHK,2022-09-26T17:00:00,12.7,12.7,7.7,71.6,0.0,9.5,,0,0,30.6,13.7,115.2,1007.0,88.4,24.1,255.0,0.9,3,10,Partially cloudy,partly-cloudy-day,

42,EFHK,2022-09-26T18:00:00,12.3,12.3,8.1,75.53,0.0,9.5,,0,0,30.6,13.3,111.6,1007.0,84.7,24.1,143.0,0.5,1,10,Partially cloudy,partly-cloudy-day,

43,EFHK,2022-09-26T19:00:00,12.1,12.1,8.0,76.01,0.1,9.5,rain,0,0,29.5,12.6,110.7,1007.0,87.2,24.1,35.0,0.1,0,10,Partially cloudy,partly-cloudy-day,

44,EFHK,2022-09-26T20:00:00,11.8,11.8,8.4,79.66,0.0,9.5,,0,0,27.4,11.2,112.0,1006.0,59.6,24.1,0.0,,0,10,Partially cloudy,partly-cloudy-night,

45,EFHK,2022-09-26T21:00:00,11.5,11.5,8.7,82.92,0.0,9.5,,0,0,24.1,10.1,114.4,1007.0,61.3,24.1,0.0,,0,10,Partially cloudy,partly-cloudy-night,

46,EFHK,2022-09-26T22:00:00,11.3,11.3,8.7,84.03,0.0,19.0,,0,0,22.3,10.1,125.9,1007.0,50.2,24.1,0.0,,0,10,Partially cloudy,partly-cloudy-night,

47,EFHK,2022-09-26T23:00:00,11.0,11.0,8.5,84.56,0.0,19.0,,0,0,22.0,9.0,130.0,1007.0,42.9,24.1,0.0,,0,10,Partially cloudy,partly-cloudy-night,

48,EFHK,2022-09-27T00:00:00,10.7,10.7,8.6,86.85,0.0,19.0,,0,0,19.1,7.6,125.9,1008.0,36.4,24.1,0.0,,0,10,Partially cloudy,partly-cloudy-night,

49,EFHK,2022-09-27T01:00:00,10.4,10.4,8.7,89.21,0.0,19.0,,0,0,16.2,6.5,116.8,1008.0,35.5,24.1,0.0,,0,10,Partially cloudy,partly-cloudy-night,

50,EFHK,2022-09-27T02:00:00,10.1,10.1,8.6,90.4,0.0,19.0,,0,0,13.3,5.8,109.4,1008.0,48.0,24.1,0.0,,0,10,Partially cloudy,partly-cloudy-night,

51,EFHK,2022-09-27T03:00:00,9.8,9.3,8.4,90.99,0.0,19.0,,0,0,11.9,5.8,98.1,1008.0,44.3,24.1,0.0,,0,10,Partially cloudy,partly-cloudy-night,

52,EFHK,2022-09-27T04:00:00,9.6,9.1,8.4,92.22,0.0,0.0,,0,0,11.9,5.4,98.5,1008.0,47.2,24.1,0.0,,0,10,Partially cloudy,partly-cloudy-night,

53,EFHK,2022-09-27T05:00:00,9.6,9.6,8.4,92.22,0.0,0.0,,0,0,10.8,4.7,85.3,1008.0,46.1,24.1,0.0,,0,10,Partially cloudy,partly-cloudy-night,

54,EFHK,2022-09-27T06:00:00,9.3,8.7,8.3,93.47,0.0,0.0,,0,0,11.5,5.8,72.8,1008.0,38.4,24.1,0.0,,0,10,Partially cloudy,partly-cloudy-night,

55,EFHK,2022-09-27T07:00:00,9.3,8.8,8.5,94.74,0.0,0.0,,0,0,11.9,5.4,79.2,1008.0,55.4,24.1,0.0,,0,10,Partially cloudy,partly-cloudy-night,

56,EFHK,2022-09-27T08:00:00,9.5,9.0,8.8,95.39,0.0,0.0,,0,0,11.5,5.4,75.8,1009.0,67.4,24.1,11.0,0.0,0,10,Partially cloudy,partly-cloudy-day,

57,EFHK,2022-09-27T09:00:00,10.7,10.7,9.8,94.17,0.0,0.0,,0,0,15.1,7.2,90.3,1009.0,79.7,24.1,98.0,0.4,1,10,Partially cloudy,partly-cloudy-day,

58,EFHK,2022-09-27T10:00:00,12.2,12.2,9.7,84.7,0.0,0.0,,0,0,23.4,10.4,109.8,1010.0,69.9,24.1,214.0,0.8,2,10,Partially cloudy,partly-cloudy-day,

59,EFHK,2022-09-27T11:00:00,12.9,12.9,9.7,80.9,0.0,0.0,,0,0,28.4,12.6,112.8,1010.0,65.9,24.1,319.0,1.1,3,10,Partially cloudy,partly-cloudy-day,

60,EFHK,2022-09-27T12:00:00,13.3,13.3,9.7,78.81,0.0,0.0,,0,0,29.2,12.6,114.0,1010.0,66.3,24.1,398.0,1.4,4,10,Partially cloudy,partly-cloudy-day,

61,EFHK,2022-09-27T13:00:00,13.6,13.6,9.4,75.74,0.0,0.0,,0,0,29.2,12.6,112.0,1010.0,67.6,24.1,416.0,1.5,4,10,Partially cloudy,partly-cloudy-day,

62,EFHK,2022-09-27T14:00:00,13.6,13.6,9.3,75.24,0.0,0.0,,0,0,29.2,12.2,107.5,1010.0,72.4,24.1,296.0,1.1,3,10,Partially cloudy,partly-cloudy-day,

63,EFHK,2022-09-27T15:00:00,13.6,13.6,9.4,75.74,0.0,0.0,,0,0,28.1,12.2,100.7,1010.0,78.1,24.1,282.0,1.0,3,10,Partially cloudy,partly-cloudy-day,

64,EFHK,2022-09-27T16:00:00,13.4,13.4,9.4,76.74,0.0,9.5,rain,0,0,29.2,13.0,96.0,1011.0,77.5,24.1,213.0,0.8,2,10,Partially cloudy,partly-cloudy-day,

65,EFHK,2022-09-27T17:00:00,13.0,13.0,9.4,78.77,0.0,9.5,rain,0,0,29.2,12.6,90.9,1011.0,81.0,24.1,179.0,0.6,2,10,Partially cloudy,partly-cloudy-day,

66,EFHK,2022-09-27T18:00:00,12.6,12.6,9.0,78.71,0.0,9.5,rain,0,0,28.4,12.2,88.5,1011.0,88.0,24.1,95.0,0.3,1,10,Partially cloudy,partly-cloudy-day,

67,EFHK,2022-09-27T19:00:00,11.8,11.8,8.9,82.4,0.0,9.5,,0,0,27.4,11.2,83.0,1011.0,84.5,24.1,10.0,0.0,0,10,Partially cloudy,partly-cloudy-day,

68,EFHK,2022-09-27T20:00:00,11.0,11.0,8.6,85.14,0.0,9.5,,0,0,24.8,9.4,76.3,1011.0,84.4,24.1,0.0,,0,10,Partially cloudy,partly-cloudy-night,

69,EFHK,2022-09-27T21:00:00,10.6,10.6,8.6,87.43,0.0,9.5,rain,0,0,20.5,8.6,73.6,1012.0,66.3,20.0,0.0,,0,10,Partially cloudy,partly-cloudy-night,

70,EFHK,2022-09-27T22:00:00,10.3,10.3,8.6,89.2,0.0,57.1,rain,0,0,18.7,7.6,71.8,1012.0,75.2,14.8,0.0,,0,10,"Rain, Partially cloudy",rain,

71,EFHK,2022-09-27T23:00:00,10.1,10.1,8.6,90.4,0.1,57.1,rain,0,0,16.2,6.8,66.8,1012.0,89.5,17.6,0.0,,0,10,"Rain, Partially cloudy",rain,

72,EFHK,2022-09-28T00:00:00,10.1,10.1,8.8,91.63,0.0,57.1,rain,0,0,15.5,7.2,69.5,1012.0,99.8,20.3,0.0,,0,10,"Rain, Overcast",rain,

73,EFHK,2022-09-28T01:00:00,10.0,9.1,8.9,92.87,0.0,57.1,rain,0,0,16.2,7.6,63.4,1012.0,97.3,20.2,0.0,,0,10,"Rain, Overcast",rain,

74,EFHK,2022-09-28T02:00:00,9.9,9.0,8.9,93.5,0.2,57.1,rain,0,0,16.6,7.2,60.5,1012.0,100.0,18.9,0.0,,0,10,"Rain, Overcast",rain,

75,EFHK,2022-09-28T03:00:00,9.7,8.6,8.8,94.12,0.3,57.1,rain,0,0,16.6,7.9,58.5,1012.0,100.0,21.8,0.0,,0,10,"Rain, Overcast",rain,

76,EFHK,2022-09-28T04:00:00,9.5,8.3,8.8,95.39,0.3,19.0,rain,0,0,18.0,8.3,58.2,1012.0,100.0,20.7,0.0,,0,10,Overcast,cloudy,

77,EFHK,2022-09-28T05:00:00,9.4,8.1,8.8,96.04,0.4,19.0,rain,0,0,19.8,9.0,60.4,1012.0,97.9,15.5,0.0,,0,10,Overcast,cloudy,

78,EFHK,2022-09-28T06:00:00,9.4,7.9,8.7,95.39,0.2,19.0,rain,0,0,22.0,10.1,59.8,1012.0,94.8,22.6,0.0,,0,10,Overcast,cloudy,

79,EFHK,2022-09-28T07:00:00,9.3,7.7,8.6,95.39,0.0,19.0,rain,0,0,22.3,10.1,61.1,1011.0,92.1,23.3,0.0,,0,10,Overcast,cloudy,

80,EFHK,2022-09-28T08:00:00,9.1,7.4,8.4,95.38,0.0,19.0,rain,0,0,23.8,10.8,60.4,1011.0,86.5,19.6,1.0,0.0,0,10,Partially cloudy,partly-cloudy-day,

81,EFHK,2022-09-28T09:00:00,9.5,7.9,8.2,91.59,0.0,19.0,rain,0,0,24.1,10.4,71.5,1011.0,97.9,17.6,32.0,0.1,0,10,Overcast,cloudy,

82,EFHK,2022-09-28T10:00:00,10.3,10.3,8.5,88.6,0.3,19.0,rain,0,0,28.4,13.0,87.2,1012.0,98.6,10.8,72.0,0.3,1,10,Overcast,cloudy,

83,EFHK,2022-09-28T11:00:00,10.3,10.3,8.6,89.2,0.7,19.0,rain,0,0,30.2,13.7,84.7,1012.0,100.0,15.1,78.0,0.3,1,10,Overcast,cloudy,

84,EFHK,2022-09-28T12:00:00,10.8,10.8,8.4,85.12,0.7,19.0,rain,0,0,32.0,14.4,92.9,1012.0,94.0,21.8,71.0,0.3,1,10,Overcast,cloudy,

85,EFHK,2022-09-28T13:00:00,10.6,10.6,8.2,85.1,0.8,19.0,rain,0,0,33.8,15.1,102.6,1011.0,100.0,20.4,115.0,0.4,1,10,Overcast,cloudy,

86,EFHK,2022-09-28T14:00:00,10.8,10.8,8.6,86.28,0.9,19.0,rain,0,0,33.5,15.1,107.6,1011.0,100.0,11.2,298.0,1.1,3,10,Overcast,cloudy,

87,EFHK,2022-09-28T15:00:00,11.1,11.1,8.0,81.2,0.8,19.0,rain,0,0,37.8,16.9,106.9,1012.0,99.9,12.6,67.0,0.2,1,10,Overcast,cloudy,

88,EFHK,2022-09-28T16:00:00,11.1,11.1,7.5,78.49,0.0,47.6,rain,0,0,39.0,17.2,105.6,1012.0,94.2,16.0,96.0,0.3,1,10,"Rain, Overcast",rain,

89,EFHK,2022-09-28T17:00:00,11.2,11.2,7.1,75.87,0.0,47.6,rain,0,0,40.2,17.4,104.4,1012.0,88.4,17.9,176.0,0.6,2,10,"Rain, Partially cloudy",rain,

90,EFHK,2022-09-28T18:00:00,11.3,11.3,6.7,73.32,0.0,47.6,rain,0,0,41.4,17.6,103.1,1012.0,82.7,22.9,56.0,0.2,1,10,"Rain, Partially cloudy",rain,

91,EFHK,2022-09-28T19:00:00,10.9,10.9,6.5,73.94,0.0,47.6,rain,0,0,36.6,15.7,96.5,1012.0,75.0,23.1,17.0,0.1,0,10,"Rain, Partially cloudy",rain,

92,EFHK,2022-09-28T20:00:00,10.6,10.6,6.3,74.56,0.0,47.6,rain,0,0,31.8,13.8,90.0,1012.0,67.3,23.2,0.0,,0,10,"Rain, Partially cloudy",rain,

93,EFHK,2022-09-28T21:00:00,10.3,10.3,6.1,75.19,0.0,47.6,rain,0,0,27.0,11.9,83.4,1012.0,59.6,21.9,0.0,,0,10,"Rain, Partially cloudy",rain,

94,EFHK,2022-09-28T22:00:00,10.3,10.3,6.3,76.06,0.0,100.0,rain,0,0,27.0,11.9,88.8,1012.0,65.6,22.7,0.0,,0,10,"Rain, Partially cloudy",rain,

95,EFHK,2022-09-28T23:00:00,10.3,10.3,6.5,76.95,0.0,100.0,rain,0,0,27.0,11.9,94.3,1012.0,71.7,24.1,0.0,,0,10,"Rain, Partially cloudy",rain,

96,EFHK,2022-09-29T00:00:00,10.4,10.4,6.7,77.84,0.0,100.0,rain,0,0,27.0,11.9,99.7,1012.0,77.7,21.9,0.0,,0,10,"Rain, Partially cloudy",rain,

97,EFHK,2022-09-29T01:00:00,9.6,8.0,6.5,80.64,0.0,100.0,rain,0,0,25.6,11.3,83.9,1012.0,84.4,21.5,0.0,,0,10,"Rain, Partially cloudy",rain,

98,EFHK,2022-09-29T02:00:00,8.9,7.2,6.3,83.56,0.0,100.0,rain,0,0,24.1,10.7,68.1,1012.0,91.1,18.3,0.0,,0,10,"Rain, Overcast",rain,

99,EFHK,2022-09-29T03:00:00,8.2,6.4,6.1,86.61,0.0,100.0,rain,0,0,22.7,10.1,52.3,1012.0,97.8,21.0,0.0,,0,10,"Rain, Overcast",rain,

100,EFHK,2022-09-29T04:00:00,8.0,6.0,6.3,88.61,0.0,57.1,rain,0,0,25.9,11.6,51.6,1011.7,98.5,21.7,0.0,,0,10,"Rain, Overcast",rain,

101,EFHK,2022-09-29T05:00:00,7.9,5.6,6.5,90.66,0.0,57.1,rain,0,0,29.2,13.2,50.8,1011.3,99.3,21.7,0.0,,0,10,"Rain, Overcast",rain,

102,EFHK,2022-09-29T06:00:00,7.8,5.2,6.7,92.75,0.0,57.1,rain,0,0,32.4,14.8,50.1,1011.0,100.0,23.4,0.0,,0,10,"Rain, Overcast",rain,

103,EFHK,2022-09-29T07:00:00,7.7,4.9,6.5,92.32,0.0,57.1,rain,0,0,35.2,16.1,51.5,1010.7,99.9,24.1,0.0,,0,10,"Rain, Overcast",rain,

104,EFHK,2022-09-29T08:00:00,7.6,4.6,6.3,91.89,0.0,57.1,rain,0,0,37.9,17.4,53.0,1010.3,99.7,24.1,1.0,0.0,0,10,"Rain, Overcast",rain,

105,EFHK,2022-09-29T09:00:00,7.5,4.3,6.2,91.47,0.6,57.1,rain,0,0,40.7,18.7,54.4,1010.0,99.6,23.4,9.0,0.0,0,10,"Rain, Overcast",rain,

106,EFHK,2022-09-29T10:00:00,8.0,4.9,6.4,89.84,0.0,66.7,rain,0,0,41.9,19.1,57.3,1009.3,99.7,22.6,17.0,0.1,0,10,"Rain, Overcast",rain,

107,EFHK,2022-09-29T11:00:00,8.5,5.6,6.7,88.25,0.0,66.7,rain,0,0,43.1,19.4,60.3,1008.7,99.9,24.1,23.0,0.1,0,10,"Rain, Overcast",rain,

108,EFHK,2022-09-29T12:00:00,9.1,6.2,7.0,86.7,1.5,66.7,rain,0,0,44.3,19.8,63.2,1008.0,100.0,23.9,45.0,0.2,0,10,"Rain, Overcast",rain,

109,EFHK,2022-09-29T13:00:00,9.3,6.5,7.2,86.72,0.0,66.7,rain,0,0,44.5,19.9,69.5,1007.7,100.0,24.1,34.0,0.1,0,10,"Rain, Overcast",rain,

110,EFHK,2022-09-29T14:00:00,9.5,6.8,7.4,86.74,0.0,66.7,rain,0,0,44.8,20.0,75.7,1007.3,100.0,24.1,52.0,0.2,1,10,"Rain, Overcast",rain,

111,EFHK,2022-09-29T15:00:00,9.8,7.1,7.7,86.77,3.5,66.7,rain,0,0,45.0,20.2,82.0,1007.0,100.0,24.1,102.0,0.4,1,10,"Rain, Overcast",rain,

112,EFHK,2022-09-29T16:00:00,9.8,7.1,7.7,86.96,0.0,76.2,rain,0,0,44.4,19.7,89.2,1006.7,100.0,24.1,130.0,0.5,1,10,"Rain, Overcast",rain,

113,EFHK,2022-09-29T17:00:00,9.8,7.2,7.7,87.16,0.0,76.2,rain,0,0,43.8,19.2,96.4,1006.3,100.0,12.4,32.0,0.1,0,10,"Rain, Overcast",rain,

114,EFHK,2022-09-29T18:00:00,9.8,7.2,7.8,87.36,6.9,76.2,rain,0,0,43.2,18.7,103.6,1006.0,100.0,8.0,6.0,0.0,0,10,"Rain, Overcast",rain,

115,EFHK,2022-09-29T19:00:00,10.0,10.0,7.9,86.99,0.0,76.2,rain,0,0,40.1,16.9,110.4,1005.7,100.0,12.2,2.0,0.0,0,10,"Rain, Overcast",rain,

116,EFHK,2022-09-29T20:00:00,10.3,10.3,8.2,86.62,0.0,76.2,rain,0,0,37.0,15.1,117.2,1005.3,100.0,11.6,0.0,,0,10,"Rain, Overcast",rain,

117,EFHK,2022-09-29T21:00:00,10.6,10.6,8.4,86.26,7.1,76.2,rain,0,0,33.8,13.3,124.0,1005.0,100.0,9.3,0.0,,0,10,"Rain, Overcast",rain,

118,EFHK,2022-09-29T22:00:00,10.8,10.8,8.6,86.67,0.0,61.9,rain,0,0,32.3,12.8,144.8,1005.3,94.9,11.4,0.0,,0,10,"Rain, Overcast",rain,

119,EFHK,2022-09-29T23:00:00,11.0,11.0,8.9,87.08,0.0,61.9,rain,0,0,30.7,12.4,165.5,1005.7,89.8,13.4,0.0,,0,10,"Rain, Partially cloudy",rain,

120,EFHK,2022-09-30T00:00:00,11.2,11.2,9.2,87.49,0.5,61.9,rain,0,0,29.2,11.9,186.3,1006.0,84.7,24.1,0.0,,0,10,"Rain, Partially cloudy",rain,

121,EFHK,2022-09-30T01:00:00,11.0,11.0,9.2,89.06,0.0,61.9,rain,0,0,26.5,11.2,177.9,1006.3,75.8,24.1,0.0,,0,10,"Rain, Partially cloudy",rain,

122,EFHK,2022-09-30T02:00:00,10.8,10.8,9.3,90.66,0.0,61.9,rain,0,0,23.9,10.4,169.6,1006.7,66.8,24.1,0.0,,0,10,"Rain, Partially cloudy",rain,

123,EFHK,2022-09-30T03:00:00,10.6,10.6,9.4,92.28,0.0,61.9,rain,0,0,21.2,9.7,161.2,1007.0,57.9,24.1,0.0,,0,10,"Rain, Partially cloudy",rain,

124,EFHK,2022-09-30T04:00:00,10.4,10.4,9.2,92.69,0.0,28.6,,0,0,20.4,9.0,163.5,1007.3,64.3,24.1,0.0,,0,10,Partially cloudy,partly-cloudy-night,

125,EFHK,2022-09-30T05:00:00,10.2,10.2,9.1,93.09,0.0,28.6,,0,0,19.6,8.3,165.8,1007.7,70.7,24.1,0.0,,0,10,Partially cloudy,partly-cloudy-night,

126,EFHK,2022-09-30T06:00:00,10.0,9.1,9.0,93.5,0.0,28.6,,0,0,18.7,7.6,168.1,1008.0,77.1,24.1,0.0,,0,10,Partially cloudy,partly-cloudy-night,

127,EFHK,2022-09-30T07:00:00,9.2,7.7,7.7,90.34,0.0,28.6,,0,0,19.4,9.7,152.5,1009.0,100.0,24.1,0.0,,0,10,Overcast,cloudy,

128,EFHK,2022-09-30T08:00:00,9.2,7.8,7.7,90.34,0.0,28.6,,0,0,18.4,9.0,142.5,1009.0,100.0,24.1,3.0,0.0,0,10,Overcast,cloudy,

129,EFHK,2022-09-30T09:00:00,9.9,8.8,8.1,88.57,0.0,28.6,,0,0,18.4,8.3,138.8,1010.0,100.0,24.1,40.0,0.1,0,10,Overcast,cloudy,

130,EFHK,2022-09-30T10:00:00,10.5,10.5,8.2,85.66,0.0,42.9,,0,0,16.0,8.2,145.3,1010.0,100.0,24.1,89.7,0.3,1,10,Overcast,cloudy,

131,EFHK,2022-09-30T11:00:00,11.1,11.1,8.3,82.87,0.0,42.9,,0,0,13.6,8.0,151.7,1010.0,100.0,24.1,139.3,0.5,1,10,Overcast,cloudy,

132,EFHK,2022-09-30T12:00:00,11.7,11.7,8.4,80.19,0.0,42.9,,0,0,11.2,7.9,158.2,1010.0,100.0,24.1,189.0,0.7,2,10,Overcast,cloudy,

133,EFHK,2022-09-30T13:00:00,11.9,11.9,8.4,79.14,0.0,42.9,,0,0,10.3,7.6,163.0,1010.0,94.3,24.1,228.7,0.8,2,10,Overcast,cloudy,

134,EFHK,2022-09-30T14:00:00,12.1,12.1,8.4,78.11,0.0,42.9,,0,0,9.5,7.2,167.8,1010.0,88.6,24.1,268.3,1.0,3,10,Partially cloudy,partly-cloudy-day,

135,EFHK,2022-09-30T15:00:00,12.4,12.4,8.5,77.1,0.0,42.9,,0,0,8.6,6.8,172.6,1010.0,82.9,24.1,308.0,1.1,3,10,Partially cloudy,partly-cloudy-day,

136,EFHK,2022-09-30T16:00:00,11.9,11.9,8.6,80.22,0.0,33.3,,0,0,9.2,6.7,168.2,1010.3,61.5,24.1,276.7,1.0,3,10,Partially cloudy,partly-cloudy-day,

137,EFHK,2022-09-30T17:00:00,11.4,11.4,8.7,83.48,0.0,33.3,,0,0,9.8,6.6,163.8,1010.7,40.2,24.1,245.3,0.9,2,10,Partially cloudy,partly-cloudy-day,

138,EFHK,2022-09-30T18:00:00,11.0,11.0,8.9,86.88,0.0,33.3,,0,0,10.4,6.5,159.4,1011.0,18.8,24.1,214.0,0.8,2,10,Clear,clear-day,

139,EFHK,2022-09-30T19:00:00,10.7,10.7,8.6,87.05,0.0,33.3,,0,0,11.2,6.8,159.8,1011.0,44.4,24.1,145.0,0.5,0,10,Partially cloudy,partly-cloudy-night,

140,EFHK,2022-09-30T20:00:00,10.4,10.4,8.4,87.22,0.0,33.3,,0,0,11.9,7.2,160.3,1011.0,69.9,24.1,76.0,0.3,0,10,Partially cloudy,partly-cloudy-night,

141,EFHK,2022-09-30T21:00:00,10.2,10.2,8.2,87.4,0.2,33.3,rain,0,0,12.6,7.6,160.7,1011.0,95.5,24.1,7.0,0.0,0,10,Overcast,cloudy,

142,EFHK,2022-09-30T22:00:00,9.9,8.8,7.9,87.18,0.0,47.6,rain,0,0,15.4,8.5,168.0,1010.7,66.4,23.5,4.7,0.0,0,10,"Rain, Partially cloudy",rain,

143,EFHK,2022-09-30T23:00:00,9.7,8.4,7.6,86.96,0.0,47.6,rain,0,0,18.1,9.5,175.2,1010.3,37.4,23.0,2.3,0.0,0,10,"Rain, Partially cloudy",rain,

144,EFHK,2022-10-01T00:00:00,9.5,7.9,7.4,86.74,0.3,47.6,rain,0,0,20.9,10.4,182.5,1010.0,8.3,22.4,0.0,,0,10,Rain,rain,

145,EFHK,2022-10-01T01:00:00,9.7,7.9,7.5,86.17,0.0,47.6,rain,0,0,27.1,12.1,181.5,1010.0,37.7,21.5,0.0,,0,10,"Rain, Partially cloudy",rain,

146,EFHK,2022-10-01T02:00:00,9.9,8.0,7.6,85.61,0.0,47.6,rain,0,0,33.4,13.8,180.4,1010.0,67.2,20.6,0.0,,0,10,"Rain, Partially cloudy",rain,

147,EFHK,2022-10-01T03:00:00,10.2,10.2,7.8,85.05,1.1,47.6,rain,0,0,39.6,15.5,179.4,1010.0,96.6,19.7,0.0,,0,10,"Rain, Overcast",rain,

148,EFHK,2022-10-01T04:00:00,10.1,10.1,7.8,85.82,0.0,23.8,,0,0,40.0,17.8,183.6,1009.7,78.7,21.2,0.0,,0,10,Partially cloudy,partly-cloudy-night,

149,EFHK,2022-10-01T05:00:00,10.0,7.3,7.8,86.59,0.0,23.8,,0,0,40.3,20.0,187.8,1009.3,60.7,22.6,0.0,,0,10,Partially cloudy,partly-cloudy-night,

150,EFHK,2022-10-01T06:00:00,9.9,7.0,7.9,87.37,0.4,23.8,rain,0,0,40.7,22.3,192.0,1009.0,42.8,24.1,0.0,,0,10,Partially cloudy,partly-cloudy-night,

151,EFHK,2022-10-01T07:00:00,10.0,10.0,8.1,87.78,0.0,23.8,,0,0,40.6,22.8,193.4,1009.0,61.1,22.2,5.7,0.0,0,10,Partially cloudy,partly-cloudy-night,

152,EFHK,2022-10-01T08:00:00,10.2,10.2,8.3,88.19,0.0,23.8,,0,0,40.4,23.3,194.7,1009.0,79.5,20.2,11.3,0.0,0,10,Partially cloudy,partly-cloudy-day,

153,EFHK,2022-10-01T09:00:00,10.4,10.4,8.6,88.61,0.7,23.8,rain,0,0,40.3,23.8,196.1,1009.0,97.8,18.3,17.0,0.1,0,10,Overcast,cloudy,

154,EFHK,2022-10-01T10:00:00,10.8,10.8,8.3,84.17,0.0,28.6,,0,0,40.3,22.9,205.9,1009.0,69.3,20.2,46.3,0.2,0,10,Partially cloudy,partly-cloudy-day,

155,EFHK,2022-10-01T11:00:00,11.3,11.3,8.0,79.96,0.0,28.6,,0,0,40.3,22.1,215.8,1009.0,40.8,22.2,75.7,0.3,1,10,Partially cloudy,partly-cloudy-day,

156,EFHK,2022-10-01T12:00:00,11.8,11.8,7.7,75.96,1.0,28.6,rain,0,0,40.3,21.2,225.6,1009.0,12.3,24.1,105.0,0.4,1,10,Clear,clear-day,

157,EFHK,2022-10-01T13:00:00,12.1,12.1,7.5,73.8,0.0,28.6,,0,0,38.6,20.2,225.8,1009.0,9.9,24.1,205.7,0.8,2,10,Clear,clear-day,

158,EFHK,2022-10-01T14:00:00,12.4,12.4,7.4,71.7,0.0,28.6,,0,0,37.0,19.1,226.0,1009.0,7.4,24.1,306.3,1.1,3,10,Clear,clear-day,

159,EFHK,2022-10-01T15:00:00,12.7,12.7,7.3,69.67,0.1,28.6,rain,0,0,35.3,18.0,226.2,1009.0,5.0,24.1,407.0,1.5,4,10,Clear,clear-day,

160,EFHK,2022-10-01T16:00:00,12.2,12.2,7.5,73.15,0.0,28.6,,0,0,31.2,15.5,215.0,1008.7,12.3,24.1,345.0,1.3,3,10,Clear,clear-day,

161,EFHK,2022-10-01T17:00:00,11.7,11.7,7.8,76.82,0.0,28.6,,0,0,27.1,13.0,203.7,1008.3,19.5,24.1,283.0,1.0,3,10,Clear,clear-day,

162,EFHK,2022-10-01T18:00:00,11.3,11.3,8.1,80.68,0.1,28.6,rain,0,0,23.0,10.4,192.5,1008.0,26.8,24.1,221.0,0.8,2,10,Partially cloudy,partly-cloudy-day,

163,EFHK,2022-10-01T19:00:00,11.1,11.1,8.3,82.87,0.0,28.6,,0,0,26.9,12.2,187.8,1007.7,51.2,23.7,149.3,0.5,0,10,Partially cloudy,partly-cloudy-night,

164,EFHK,2022-10-01T20:00:00,10.9,10.9,8.5,85.13,0.0,28.6,,0,0,30.7,14.0,183.0,1007.3,75.6,23.4,77.7,0.3,0,10,Partially cloudy,partly-cloudy-night,

165,EFHK,2022-10-01T21:00:00,10.7,10.7,8.7,87.44,0.2,28.6,rain,0,0,34.6,15.8,178.3,1007.0,100.0,23.0,6.0,0.0,0,10,Overcast,cloudy,

166,EFHK,2022-10-01T22:00:00,10.9,10.9,8.6,85.9,0.0,61.9,rain,0,0,36.6,16.9,176.4,1006.3,100.0,23.2,4.0,0.0,0,10,"Rain, Overcast",rain,

167,EFHK,2022-10-01T23:00:00,11.1,11.1,8.6,84.39,0.0,61.9,rain,0,0,38.6,18.0,174.4,1005.7,100.0,23.3,2.0,0.0,0,10,"Rain, Overcast",rain,

168,EFHK,2022-10-02T00:00:00,11.4,11.4,8.6,82.91,0.4,61.9,rain,0,0,40.7,19.1,172.5,1005.0,100.0,23.5,0.0,,0,10,"Rain, Overcast",rain,

169,EFHK,2022-10-02T01:00:00,11.3,11.3,8.3,81.78,0.0,61.9,rain,0,0,41.0,19.3,166.4,1004.0,100.0,23.7,0.0,,0,10,"Rain, Overcast",rain,

170,EFHK,2022-10-02T02:00:00,11.2,11.2,8.0,80.67,0.0,61.9,rain,0,0,41.4,19.6,160.3,1003.0,100.0,23.9,0.0,,0,10,"Rain, Overcast",rain,

171,EFHK,2022-10-02T03:00:00,11.1,11.1,7.7,79.56,0.1,61.9,rain,0,0,41.8,19.8,154.2,1002.0,100.0,24.1,0.0,,0,10,"Rain, Overcast",rain,

172,EFHK,2022-10-02T04:00:00,10.9,10.9,7.6,79.91,0.0,61.9,rain,0,0,43.2,21.0,152.6,1001.0,100.0,23.7,0.0,,0,10,"Rain, Overcast",rain,

173,EFHK,2022-10-02T05:00:00,10.9,10.9,7.6,80.26,0.0,61.9,rain,0,0,44.6,22.2,150.9,1000.0,100.0,23.4,0.0,,0,10,"Rain, Overcast",rain,

174,EFHK,2022-10-02T06:00:00,10.8,10.8,7.6,80.61,0.3,61.9,rain,0,0,46.1,23.4,149.3,999.0,100.0,23.0,0.0,,0,10,"Rain, Overcast",rain,

175,EFHK,2022-10-02T07:00:00,10.5,10.5,8.0,84.32,0.0,61.9,rain,0,0,44.6,24.1,144.2,998.0,100.0,18.8,0.7,0.0,0,10,"Rain, Overcast",rain,

176,EFHK,2022-10-02T08:00:00,10.3,10.3,8.4,88.2,0.0,61.9,rain,0,0,43.2,24.8,139.1,997.0,100.0,14.7,1.3,0.0,0,10,"Rain, Overcast",rain,

177,EFHK,2022-10-02T09:00:00,10.1,10.1,8.9,92.25,2.4,61.9,rain,0,0,41.8,25.6,134.0,996.0,100.0,10.5,2.0,0.0,0,10,"Rain, Overcast",rain,

178,EFHK,2022-10-02T10:00:00,10.2,10.2,9.0,92.26,0.0,57.1,rain,0,0,39.5,23.9,140.8,995.3,100.0,15.0,5.3,0.0,0,10,"Rain, Overcast",rain,

179,EFHK,2022-10-02T11:00:00,10.4,10.4,9.2,92.27,0.0,57.1,rain,0,0,37.2,22.2,147.5,994.7,100.0,19.5,8.7,0.0,0,10,"Rain, Overcast",rain,

180,EFHK,2022-10-02T12:00:00,10.6,10.6,9.4,92.28,2.1,57.1,rain,0,0,34.9,20.5,154.3,994.0,100.0,24.0,12.0,0.0,0,10,"Rain, Overcast",rain,

181,EFHK,2022-10-02T13:00:00,10.9,10.9,9.8,93.34,0.0,57.1,rain,0,0,33.4,19.7,158.2,993.7,100.0,21.6,15.3,0.0,0,10,"Rain, Overcast",rain,

182,EFHK,2022-10-02T14:00:00,11.2,11.2,10.3,94.4,0.0,57.1,rain,0,0,31.8,18.8,162.1,993.3,100.0,19.3,18.7,0.1,0,10,"Rain, Overcast",rain,

183,EFHK,2022-10-02T15:00:00,11.5,11.5,10.8,95.46,6.3,57.1,rain,0,0,30.2,18.0,166.0,993.0,100.0,16.9,22.0,0.1,0,10,"Rain, Overcast",rain,

184,EFHK,2022-10-02T16:00:00,11.6,11.6,10.8,94.83,0.0,47.6,rain,0,0,29.6,16.6,166.2,993.0,100.0,15.4,31.3,0.1,0,10,"Rain, Overcast",rain,

185,EFHK,2022-10-02T17:00:00,11.7,11.7,10.8,94.21,0.0,47.6,rain,0,0,29.0,15.1,166.5,993.0,100.0,13.8,40.7,0.2,0,10,"Rain, Overcast",rain,

186,EFHK,2022-10-02T18:00:00,11.8,11.8,10.8,93.59,1.2,47.6,rain,0,0,28.4,13.7,166.7,993.0,100.0,12.3,50.0,0.2,1,10,"Rain, Overcast",rain,

187,EFHK,2022-10-02T19:00:00,11.6,11.6,10.6,93.58,0.0,47.6,rain,0,0,26.9,12.6,177.8,993.0,100.0,13.5,33.3,0.1,0,10,"Rain, Overcast",rain,

188,EFHK,2022-10-02T20:00:00,11.5,11.5,10.5,93.58,0.0,47.6,rain,0,0,25.3,11.5,188.8,993.0,100.0,14.7,16.7,0.1,0,10,"Rain, Overcast",rain,

189,EFHK,2022-10-02T21:00:00,11.4,11.4,10.4,93.57,1.9,47.6,rain,0,0,23.8,10.4,199.9,993.0,100.0,15.9,0.0,,0,10,"Rain, Overcast",rain,

190,EFHK,2022-10-02T22:00:00,11.0,11.0,10.1,94.39,0.0,57.1,rain,0,0,21.1,9.8,199.6,993.3,92.3,18.4,0.0,,0,10,"Rain, Overcast",rain,

191,EFHK,2022-10-02T23:00:00,10.6,10.6,9.9,95.22,0.0,57.1,rain,0,0,18.5,9.2,199.2,993.7,84.7,20.9,0.0,,0,10,"Rain, Partially cloudy",rain,

192,EFHK,2022-10-03T00:00:00,10.3,10.3,9.7,96.06,0.6,57.1,rain,0,0,15.8,8.6,198.9,994.0,77.0,23.4,0.0,,0,10,"Rain, Partially cloudy",rain,

193,EFHK,2022-10-03T01:00:00,10.1,10.1,9.6,96.49,0.0,57.1,rain,0,0,12.8,7.8,193.2,994.3,84.7,23.6,0.0,,0,10,"Rain, Partially cloudy",rain,

194,EFHK,2022-10-03T02:00:00,9.9,9.2,9.5,96.92,0.0,57.1,rain,0,0,9.8,7.0,187.6,994.7,92.3,23.9,0.0,,0,10,"Rain, Overcast",rain,

195,EFHK,2022-10-03T03:00:00,9.8,9.2,9.4,97.35,0.1,57.1,rain,0,0,6.8,6.1,181.9,995.0,100.0,24.1,0.0,,0,10,"Rain, Overcast",rain,

196,EFHK,2022-10-03T04:00:00,9.7,9.3,9.2,97.13,0.0,23.8,,0,0,5.8,5.2,138.1,995.3,100.0,23.8,0.0,,0,10,Overcast,cloudy,

197,EFHK,2022-10-03T05:00:00,9.6,9.6,9.1,96.91,0.0,23.8,,0,0,4.7,4.2,94.4,995.7,100.0,23.4,0.0,,0,10,Overcast,cloudy,

198,EFHK,2022-10-03T06:00:00,9.5,9.5,9.0,96.69,0.2,23.8,rain,0,0,3.6,3.2,50.6,996.0,100.0,23.1,0.0,,0,10,Overcast,cloudy,

199,EFHK,2022-10-03T07:00:00,9.6,9.6,9.1,96.91,0.0,23.8,,0,0,5.6,3.8,43.8,996.7,100.0,21.7,3.7,0.0,0,10,Overcast,cloudy,

200,EFHK,2022-10-03T08:00:00,9.7,9.7,9.3,97.13,0.0,23.8,,0,0,7.7,4.4,37.1,997.3,100.0,20.4,7.3,0.0,0,10,Overcast,cloudy,

201,EFHK,2022-10-03T09:00:00,9.9,9.6,9.5,97.35,0.4,23.8,rain,0,0,9.7,5.0,30.3,998.0,100.0,19.0,11.0,0.0,0,10,Overcast,cloudy,

202,EFHK,2022-10-03T10:00:00,10.4,10.4,9.7,95.42,0.0,42.9,,0,0,10.2,5.8,28.7,998.3,100.0,20.7,32.3,0.2,0,10,Overcast,cloudy,

203,EFHK,2022-10-03T11:00:00,10.9,10.9,9.9,93.55,0.0,42.9,,0,0,10.7,6.5,27.2,998.7,100.0,22.4,53.7,0.3,1,10,Overcast,cloudy,

204,EFHK,2022-10-03T12:00:00,11.4,11.4,10.1,91.71,0.7,42.9,rain,0,0,11.2,7.2,25.6,999.0,100.0,24.1,75.0,0.3,1,10,Overcast,cloudy,

205,EFHK,2022-10-03T13:00:00,11.7,11.7,9.9,89.31,0.0,42.9,,0,0,12.1,8.0,21.3,999.7,97.9,24.1,99.0,0.4,1,10,Overcast,cloudy,

206,EFHK,2022-10-03T14:00:00,11.9,11.9,9.9,86.98,0.0,42.9,,0,0,13.1,8.9,16.9,1000.3,95.9,24.1,123.0,0.4,1,10,Overcast,cloudy,

207,EFHK,2022-10-03T15:00:00,12.3,12.3,9.8,84.71,0.2,42.9,rain,0,0,14.0,9.7,12.6,1001.0,93.8,24.1,147.0,0.5,1,10,Overcast,cloudy,

208,EFHK,2022-10-03T16:00:00,11.9,11.9,9.8,86.78,0.0,42.9,,0,0,17.3,10.0,123.0,1001.7,95.9,24.1,120.7,0.4,1,10,Overcast,cloudy,

209,EFHK,2022-10-03T17:00:00,11.5,11.5,9.8,88.9,0.0,42.9,,0,0,20.5,10.2,233.5,1002.3,97.9,24.1,94.3,0.3,1,10,Overcast,cloudy,

210,EFHK,2022-10-03T18:00:00,11.2,11.2,9.8,91.09,0.0,42.9,,0,0,23.8,10.4,343.9,1003.0,100.0,24.1,68.0,0.2,1,10,Overcast,cloudy,

211,EFHK,2022-10-03T19:00:00,10.8,10.8,9.4,91.47,0.0,42.9,,0,0,26.5,12.2,344.9,1003.7,94.5,24.1,45.3,0.2,0,10,Overcast,cloudy,

212,EFHK,2022-10-03T20:00:00,10.4,10.4,9.1,91.86,0.0,42.9,,0,0,29.3,14.0,345.8,1004.3,89.1,24.1,22.7,0.1,0,10,Partially cloudy,partly-cloudy-night,

213,EFHK,2022-10-03T21:00:00,10.0,7.8,8.8,92.25,0.1,42.9,rain,0,0,32.0,15.8,346.8,1005.0,83.6,24.1,0.0,,0,10,Partially cloudy,partly-cloudy-night,

214,EFHK,2022-10-03T22:00:00,9.8,7.6,8.6,92.03,0.0,52.4,rain,0,0,32.3,15.7,346.3,1005.7,80.9,24.1,0.0,,0,10,"Rain, Partially cloudy",rain,

215,EFHK,2022-10-03T23:00:00,9.6,7.4,8.4,91.81,0.0,52.4,rain,0,0,32.5,15.6,345.8,1006.3,78.1,24.1,0.0,,0,10,"Rain, Partially cloudy",rain,

216,EFHK,2022-10-04T00:00:00,9.5,7.2,8.2,91.59,0.1,52.4,rain,0,0,32.8,15.5,345.3,1007.0,75.4,24.1,0.0,,0,10,"Rain, Partially cloudy",rain,

217,EFHK,2022-10-04T01:00:00,9.3,7.0,8.0,91.79,0.0,52.4,rain,0,0,32.2,14.8,344.7,1007.3,83.6,24.1,0.0,,0,10,"Rain, Partially cloudy",rain,

218,EFHK,2022-10-04T02:00:00,9.1,6.9,7.8,91.99,0.0,52.4,rain,0,0,31.6,14.0,344.2,1007.7,91.8,24.1,0.0,,0,10,"Rain, Overcast",rain,

219,EFHK,2022-10-04T03:00:00,8.9,6.7,7.7,92.18,0.0,52.4,rain,0,0,31.0,13.3,343.6,1008.0,100.0,24.1,0.0,,0,10,"Rain, Overcast",rain,

220,EFHK,2022-10-04T04:00:00,8.8,6.7,7.6,91.97,0.0,14.3,,0,0,29.5,12.8,339.2,1008.3,100.0,24.1,0.0,,0,10,Overcast,cloudy,

221,EFHK,2022-10-04T05:00:00,8.7,6.7,7.5,91.76,0.0,14.3,,0,0,28.1,12.4,334.7,1008.7,100.0,24.1,0.0,,0,10,Overcast,cloudy,

222,EFHK,2022-10-04T06:00:00,8.7,6.7,7.4,91.54,0.0,14.3,,0,0,26.6,11.9,330.3,1009.0,100.0,24.1,0.0,,0,10,Overcast,cloudy,

223,EFHK,2022-10-04T07:00:00,8.6,6.6,7.3,91.54,0.0,14.3,,0,0,26.8,11.8,328.8,1009.3,69.7,24.1,5.7,0.0,0,10,Partially cloudy,partly-cloudy-night,

224,EFHK,2022-10-04T08:00:00,8.5,6.5,7.2,91.53,0.0,14.3,,0,0,26.9,11.6,327.3,1009.7,39.4,24.1,11.3,0.0,0,10,Partially cloudy,partly-cloudy-day,

225,EFHK,2022-10-04T09:00:00,8.4,6.4,7.1,91.52,0.0,14.3,,0,0,27.0,11.5,325.8,1010.0,9.1,24.1,17.0,0.1,0,10,Clear,clear-day,

226,EFHK,2022-10-04T10:00:00,9.3,7.4,6.8,84.76,0.0,9.5,,0,0,24.5,11.9,327.6,1010.0,10.9,24.1,100.3,0.4,1,10,Clear,clear-day,

227,EFHK,2022-10-04T11:00:00,10.2,10.2,6.6,78.53,0.0,9.5,,0,0,22.0,12.2,329.3,1010.0,12.6,24.1,183.7,0.7,2,10,Clear,clear-day,

228,EFHK,2022-10-04T12:00:00,11.1,11.1,6.4,72.78,0.0,9.5,,0,0,19.4,12.6,331.1,1010.0,14.4,24.1,267.0,1.0,3,10,Clear,clear-day,

229,EFHK,2022-10-04T13:00:00,11.1,11.1,6.5,73.13,0.0,9.5,,0,0,19.4,12.5,334.4,1010.3,42.9,23.4,280.0,1.0,3,10,Partially cloudy,partly-cloudy-day,

230,EFHK,2022-10-04T14:00:00,11.2,11.2,6.6,73.48,0.0,9.5,,0,0,19.4,12.4,337.7,1010.7,71.5,22.6,293.0,1.1,3,10,Partially cloudy,partly-cloudy-day,

231,EFHK,2022-10-04T15:00:00,11.3,11.3,6.8,73.83,0.2,9.5,rain,0,0,19.4,12.2,341.0,1011.0,100.0,21.9,306.0,1.1,3,10,Overcast,cloudy,

232,EFHK,2022-10-04T16:00:00,10.8,10.8,6.9,77.02,0.0,23.8,,0,0,18.0,10.4,338.5,1011.3,79.9,22.6,228.0,0.8,2,10,Partially cloudy,partly-cloudy-day,

233,EFHK,2022-10-04T17:00:00,10.3,10.3,7.0,80.36,0.0,23.8,,0,0,16.6,8.6,336.1,1011.7,59.7,23.4,150.0,0.6,2,10,Partially cloudy,partly-cloudy-day,

234,EFHK,2022-10-04T18:00:00,9.8,9.0,7.2,83.85,0.1,23.8,rain,0,0,15.1,6.8,333.6,1012.0,39.6,24.1,72.0,0.3,1,10,Partially cloudy,partly-cloudy-day,

235,EFHK,2022-10-04T19:00:00,9.3,8.3,6.8,84.37,0.0,23.8,,0,0,14.6,7.2,326.6,1012.3,46.7,24.1,49.0,0.2,0,10,Partially cloudy,partly-cloudy-night,

236,EFHK,2022-10-04T20:00:00,8.8,7.7,6.4,84.9,0.0,23.8,,0,0,14.2,7.6,319.6,1012.7,53.8,24.1,26.0,0.1,0,10,Partially cloudy,partly-cloudy-night,

237,EFHK,2022-10-04T21:00:00,8.3,7.0,6.0,85.43,0.0,23.8,,0,0,13.7,7.9,312.6,1013.0,60.9,24.1,3.0,0.0,0,10,Partially cloudy,partly-cloudy-night,

238,EFHK,2022-10-04T22:00:00,7.6,6.2,5.7,87.56,0.0,47.6,rain,0,0,13.8,8.0,318.5,1013.3,42.3,24.1,2.0,0.0,0,10,"Rain, Partially cloudy",rain,

239,EFHK,2022-10-04T23:00:00,7.0,5.4,5.4,89.76,0.0,47.6,rain,0,0,13.9,8.2,324.4,1013.7,23.6,24.1,1.0,0.0,0,10,"Rain, Partially cloudy",rain,

240,EFHK,2022-10-05T00:00:00,6.4,4.7,5.2,92.03,0.0,47.6,rain,0,0,14.0,8.3,330.3,1014.0,5.0,24.1,0.0,,0,10,Rain,rain,

241,EFHK,2022-10-05T01:00:00,6.1,4.4,5.0,92.66,0.0,47.6,rain,0,0,13.9,8.2,330.8,1014.3,5.3,24.1,0.0,,0,10,Rain,rain,

242,EFHK,2022-10-05T02:00:00,5.8,4.1,4.8,93.29,0.0,47.6,rain,0,0,13.8,8.0,331.2,1014.7,5.6,24.1,0.0,,0,10,Rain,rain,

243,EFHK,2022-10-05T03:00:00,5.6,3.8,4.7,93.93,0.0,47.6,rain,0,0,13.7,7.9,331.7,1015.0,5.9,24.1,0.0,,0,10,Rain,rain,

244,EFHK,2022-10-05T04:00:00,5.4,3.6,4.5,94.36,0.0,19.0,,0,0,12.6,7.8,333.1,1015.3,6.7,24.1,0.0,,0,10,Clear,clear-night,

245,EFHK,2022-10-05T05:00:00,5.2,3.4,4.4,94.79,0.0,19.0,,0,0,11.5,7.7,334.6,1015.7,7.6,24.1,0.0,,0,10,Clear,clear-night,

246,EFHK,2022-10-05T06:00:00,5.0,3.2,4.3,95.23,0.0,19.0,,0,0,10.4,7.6,336.0,1016.0,8.4,24.1,0.0,,0,10,Clear,clear-night,

247,EFHK,2022-10-05T07:00:00,5.2,3.4,4.3,93.91,0.0,19.0,,0,0,13.4,7.8,331.7,1016.3,7.3,24.1,7.3,0.0,0,10,Clear,clear-night,

248,EFHK,2022-10-05T08:00:00,5.4,3.6,4.3,92.62,0.0,19.0,,0,0,16.4,8.0,327.3,1016.7,6.1,24.1,14.7,0.1,0,10,Clear,clear-day,

249,EFHK,2022-10-05T09:00:00,5.7,3.8,4.4,91.35,0.0,19.0,,0,0,19.4,8.3,323.0,1017.0,5.0,24.1,22.0,0.1,0,10,Clear,clear-day,

250,EFHK,2022-10-05T10:00:00,7.1,5.4,4.3,82.56,0.0,19.0,,0,0,18.6,8.9,321.7,1017.3,8.1,24.1,104.0,0.4,1,10,Clear,clear-day,

251,EFHK,2022-10-05T11:00:00,8.5,6.9,4.2,74.71,0.0,19.0,,0,0,17.8,9.5,320.4,1017.7,11.1,24.1,186.0,0.7,2,10,Clear,clear-day,

252,EFHK,2022-10-05T12:00:00,9.9,8.5,4.2,67.67,0.0,19.0,,0,0,16.9,10.1,319.1,1018.0,14.2,24.1,268.0,1.0,3,10,Clear,clear-day,

253,EFHK,2022-10-05T13:00:00,10.0,8.6,4.3,68.0,0.0,19.0,,0,0,17.2,10.2,323.8,1018.3,42.8,24.1,268.7,1.0,3,10,Partially cloudy,partly-cloudy-day,

254,EFHK,2022-10-05T14:00:00,10.1,10.1,4.5,68.34,0.0,19.0,,0,0,17.4,10.3,328.5,1018.7,71.4,24.1,269.3,1.0,3,10,Partially cloudy,partly-cloudy-day,

255,EFHK,2022-10-05T15:00:00,10.2,10.2,4.7,68.68,0.1,19.0,rain,0,0,17.6,10.4,333.2,1019.0,100.0,24.1,270.0,1.0,3,10,Overcast,cloudy,

256,EFHK,2022-10-05T16:00:00,9.7,8.4,4.7,71.19,0.0,19.0,,0,0,14.2,8.9,330.7,1019.0,100.0,24.1,216.0,0.8,2,10,Overcast,cloudy,

257,EFHK,2022-10-05T17:00:00,9.2,8.2,4.7,73.79,0.0,19.0,,0,0,10.7,7.3,328.2,1019.0,100.0,24.1,162.0,0.6,2,10,Overcast,cloudy,

258,EFHK,2022-10-05T18:00:00,8.7,8.0,4.8,76.5,0.1,19.0,rain,0,0,7.2,5.8,325.7,1019.0,100.0,24.1,108.0,0.4,1,10,Overcast,cloudy,

259,EFHK,2022-10-05T19:00:00,8.4,7.5,4.9,78.62,0.0,19.0,,0,0,10.8,6.5,325.3,1019.3,100.0,24.1,72.7,0.3,0,10,Overcast,cloudy,

260,EFHK,2022-10-05T20:00:00,8.1,7.0,5.0,80.8,0.0,19.0,,0,0,14.4,7.2,324.8,1019.7,100.0,24.1,37.3,0.1,0,10,Overcast,cloudy,

261,EFHK,2022-10-05T21:00:00,7.9,6.5,5.2,83.05,0.0,19.0,,0,0,18.0,7.9,324.4,1020.0,100.0,24.1,2.0,0.0,0,10,Overcast,cloudy,

262,EFHK,2022-10-05T22:00:00,7.6,6.1,5.1,84.38,0.0,33.3,,0,0,20.2,8.3,322.4,1020.3,100.0,24.1,1.3,0.0,0,10,Overcast,cloudy,

263,EFHK,2022-10-05T23:00:00,7.3,5.7,5.1,85.73,0.0,33.3,,0,0,22.3,8.6,320.4,1020.7,100.0,24.1,0.7,0.0,0,10,Overcast,cloudy,

264,EFHK,2022-10-06T00:00:00,7.1,5.3,5.1,87.1,0.0,33.3,,0,0,24.5,9.0,318.4,1021.0,100.0,24.1,0.0,,0,10,Overcast,cloudy,

265,EFHK,2022-10-06T01:00:00,7.1,5.3,5.0,86.7,0.0,33.3,,0,0,24.7,9.4,313.6,1021.0,100.0,24.1,0.0,,0,10,Overcast,cloudy,

266,EFHK,2022-10-06T02:00:00,7.1,5.2,4.9,86.3,0.0,33.3,,0,0,25.0,9.7,308.8,1021.0,100.0,24.1,0.0,,0,10,Overcast,cloudy,

267,EFHK,2022-10-06T03:00:00,7.1,5.1,4.9,85.9,0.0,33.3,,0,0,25.2,10.1,304.0,1021.0,100.0,24.1,0.0,,0,10,Overcast,cloudy,

268,EFHK,2022-10-06T04:00:00,6.9,4.8,4.8,85.89,0.0,33.3,,0,0,27.5,11.3,306.6,1021.0,100.0,24.1,0.0,,0,10,Overcast,cloudy,

269,EFHK,2022-10-06T05:00:00,6.9,4.4,4.7,85.88,0.0,33.3,,0,0,29.8,12.5,309.2,1021.0,100.0,24.1,0.0,,0,10,Overcast,cloudy,

270,EFHK,2022-10-06T06:00:00,6.8,4.1,4.6,85.87,0.0,33.3,,0,0,32.0,13.7,311.8,1021.0,100.0,24.1,0.0,,0,10,Overcast,cloudy,

271,EFHK,2022-10-06T07:00:00,6.7,4.0,4.5,85.86,0.0,33.3,,0,0,29.9,13.9,313.6,1021.0,100.0,24.1,2.3,0.0,0,10,Overcast,cloudy,

272,EFHK,2022-10-06T08:00:00,6.7,4.0,4.5,85.86,0.0,33.3,,0,0,27.7,14.2,315.3,1021.0,100.0,24.1,4.7,0.0,0,10,Overcast,cloudy,

273,EFHK,2022-10-06T09:00:00,6.7,3.9,4.5,85.86,0.1,33.3,rain,0,0,25.6,14.4,317.1,1021.0,100.0,24.1,7.0,0.0,0,10,Overcast,cloudy,

274,EFHK,2022-10-06T10:00:00,6.6,3.8,4.6,86.86,0.0,33.3,,0,0,23.9,14.2,320.7,1021.3,100.0,23.8,17.3,0.0,0,10,Overcast,cloudy,

275,EFHK,2022-10-06T11:00:00,6.5,3.8,4.7,87.87,0.0,33.3,,0,0,22.2,13.9,324.4,1021.7,100.0,23.5,27.7,0.1,0,10,Overcast,cloudy,

276,EFHK,2022-10-06T12:00:00,6.5,3.8,4.8,88.89,0.3,33.3,rain,0,0,20.5,13.7,328.0,1022.0,100.0,23.2,38.0,0.1,0,10,Overcast,cloudy,

277,EFHK,2022-10-06T13:00:00,6.8,4.1,4.8,87.48,0.0,33.3,,0,0,25.3,13.7,333.4,1022.3,100.0,23.5,36.3,0.1,0,10,Overcast,cloudy,

278,EFHK,2022-10-06T14:00:00,7.1,4.5,4.9,86.1,0.0,33.3,,0,0,30.1,13.7,338.8,1022.7,100.0,23.8,34.7,0.1,0,10,Overcast,cloudy,

279,EFHK,2022-10-06T15:00:00,7.4,4.9,5.0,84.74,0.2,33.3,rain,0,0,34.9,13.7,344.2,1023.0,100.0,24.1,33.0,0.1,0,10,Overcast,cloudy,

280,EFHK,2022-10-06T16:00:00,7.7,5.1,4.9,82.45,0.0,33.3,,0,0,34.8,14.8,344.2,1023.3,100.0,24.1,46.7,0.2,0,10,Overcast,cloudy,

281,EFHK,2022-10-06T17:00:00,8.0,5.4,4.8,80.23,0.0,33.3,,0,0,34.7,15.8,344.2,1023.7,100.0,24.1,60.3,0.2,1,10,Overcast,cloudy,

282,EFHK,2022-10-06T18:00:00,8.4,5.7,4.8,78.07,0.2,33.3,rain,0,0,34.6,16.9,344.2,1024.0,100.0,24.1,74.0,0.3,1,10,Overcast,cloudy,

283,EFHK,2022-10-06T19:00:00,8.2,5.5,4.8,78.96,0.0,33.3,,0,0,35.2,16.8,344.3,1024.7,100.0,24.1,49.7,0.2,0,10,Overcast,cloudy,

284,EFHK,2022-10-06T20:00:00,8.0,5.3,4.8,79.86,0.0,33.3,,0,0,35.8,16.7,344.3,1025.3,100.0,24.1,25.3,0.1,0,10,Overcast,cloudy,

285,EFHK,2022-10-06T21:00:00,7.9,5.1,4.8,80.77,0.0,33.3,,0,0,36.4,16.6,344.4,1026.0,100.0,24.1,1.0,0.0,0,10,Overcast,cloudy,

286,EFHK,2022-10-06T22:00:00,7.5,4.6,4.8,83.0,0.0,23.8,,0,0,36.5,16.4,346.7,1026.3,100.0,24.1,0.7,0.0,0,10,Overcast,cloudy,

287,EFHK,2022-10-06T23:00:00,7.1,4.1,4.8,85.3,0.0,23.8,,0,0,36.6,16.3,348.9,1026.7,100.0,24.1,0.3,0.0,0,10,Overcast,cloudy,

288,EFHK,2022-10-07T00:00:00,6.7,3.6,4.8,87.67,0.0,23.8,,0,0,36.7,16.2,351.2,1027.0,100.0,24.1,0.0,,0,10,Overcast,cloudy,

289,EFHK,2022-10-07T01:00:00,6.7,3.7,4.8,87.88,0.0,23.8,,0,0,35.3,15.6,350.1,1027.7,100.0,24.1,0.0,,0,10,Overcast,cloudy,

290,EFHK,2022-10-07T02:00:00,6.7,3.8,4.8,88.08,0.0,23.8,,0,0,33.8,15.0,349.0,1028.3,100.0,24.1,0.0,,0,10,Overcast,cloudy,

291,EFHK,2022-10-07T03:00:00,6.7,3.9,4.9,88.29,0.0,23.8,,0,0,32.4,14.4,347.9,1029.0,100.0,24.1,0.0,,0,10,Overcast,cloudy,

292,EFHK,2022-10-07T04:00:00,6.6,4.0,4.9,88.7,0.0,14.3,,0,0,30.6,13.7,348.1,1029.3,100.0,24.1,0.0,,0,10,Overcast,cloudy,

293,EFHK,2022-10-07T05:00:00,6.6,4.0,4.9,89.11,0.0,14.3,,0,0,28.8,13.0,348.3,1029.7,100.0,24.1,0.0,,0,10,Overcast,cloudy,

294,EFHK,2022-10-07T06:00:00,6.6,4.1,5.0,89.52,0.0,14.3,,0,0,27.0,12.2,348.5,1030.0,100.0,24.1,0.0,,0,10,Overcast,cloudy,

295,EFHK,2022-10-07T07:00:00,6.6,4.3,5.0,89.52,0.0,14.3,,0,0,25.4,11.3,348.4,1030.3,100.0,24.1,1.0,0.0,0,10,Overcast,cloudy,

296,EFHK,2022-10-07T08:00:00,6.6,4.5,5.0,89.52,0.0,14.3,,0,0,23.9,10.3,348.4,1030.7,100.0,24.1,2.0,0.0,0,10,Overcast,cloudy,

297,EFHK,2022-10-07T09:00:00,6.7,4.8,5.1,89.53,0.0,14.3,,0,0,22.3,9.4,348.3,1031.0,100.0,24.1,3.0,0.0,0,10,Overcast,cloudy,

298,EFHK,2022-10-07T10:00:00,7.4,5.8,5.3,86.14,0.0,19.0,,0,0,18.7,8.8,350.9,1031.3,100.0,24.1,28.0,0.2,0,10,Overcast,cloudy,

299,EFHK,2022-10-07T11:00:00,8.2,6.9,5.5,82.9,0.0,19.0,,0,0,15.1,8.2,353.4,1031.7,100.0,24.1,53.0,0.3,1,10,Overcast,cloudy,

300,EFHK,2022-10-07T12:00:00,9.0,7.9,5.7,79.81,0.0,19.0,,0,0,11.5,7.6,356.0,1032.0,100.0,24.1,78.0,0.3,1,10,Overcast,cloudy,

301,EFHK,2022-10-07T13:00:00,9.8,9.0,5.5,74.93,0.0,19.0,,0,0,10.0,6.7,347.3,1032.0,92.2,24.1,147.3,0.5,1,10,Overcast,cloudy,

302,EFHK,2022-10-07T14:00:00,10.6,10.6,5.4,70.38,0.0,19.0,,0,0,8.4,5.9,338.5,1032.0,84.5,24.1,216.7,0.8,2,10,Partially cloudy,partly-cloudy-day,

303,EFHK,2022-10-07T15:00:00,11.4,11.4,5.3,66.12,0.0,19.0,,0,0,6.8,5.0,329.8,1032.0,76.7,24.1,286.0,1.0,3,10,Partially cloudy,partly-cloudy-day,

304,EFHK,2022-10-07T16:00:00,10.7,10.7,5.3,69.43,0.0,9.5,,0,0,6.0,4.7,315.7,1032.0,84.4,24.1,245.3,0.9,2,10,Partially cloudy,partly-cloudy-day,

305,EFHK,2022-10-07T17:00:00,9.9,9.9,5.3,72.91,0.0,9.5,,0,0,5.2,4.3,301.6,1032.0,92.0,24.1,204.7,0.7,2,10,Overcast,cloudy,

306,EFHK,2022-10-07T18:00:00,9.3,9.3,5.4,76.6,0.0,9.5,,0,0,4.3,4.0,287.5,1032.0,99.7,24.1,164.0,0.6,2,10,Overcast,cloudy,

307,EFHK,2022-10-07T19:00:00,8.4,8.4,5.1,79.18,0.0,9.5,,0,0,4.4,4.2,292.3,1032.0,76.1,24.1,110.0,0.4,0,10,Partially cloudy,partly-cloudy-night,

308,EFHK,2022-10-07T20:00:00,7.7,7.7,4.8,81.87,0.0,9.5,,0,0,4.6,4.4,297.2,1032.0,52.6,24.1,56.0,0.2,0,10,Partially cloudy,partly-cloudy-night,

309,EFHK,2022-10-07T21:00:00,6.9,6.9,4.5,84.69,0.0,9.5,,0,0,4.7,4.7,302.0,1032.0,29.0,24.1,2.0,0.0,0,10,Partially cloudy,partly-cloudy-night,

310,EFHK,2022-10-07T22:00:00,6.6,6.6,4.2,84.85,0.0,33.3,,0,0,4.8,4.6,282.3,1032.0,27.6,24.1,1.3,0.0,0,10,Partially cloudy,partly-cloudy-night,

311,EFHK,2022-10-07T23:00:00,6.3,6.3,4.0,85.02,0.0,33.3,,0,0,4.9,4.4,262.5,1032.0,26.1,24.1,0.7,0.0,0,10,Partially cloudy,partly-cloudy-night,

312,EFHK,2022-10-08T00:00:00,6.1,6.1,3.8,85.19,0.0,33.3,,0,0,5.0,4.3,242.8,1032.0,24.7,24.1,0.0,,0,10,Partially cloudy,partly-cloudy-night,

313,EFHK,2022-10-08T01:00:00,6.0,5.1,3.9,85.99,0.0,33.3,,0,0,6.1,5.3,242.6,1031.7,18.4,24.1,0.0,,0,10,Clear,clear-night,

314,EFHK,2022-10-08T02:00:00,6.0,4.8,3.9,86.8,0.0,33.3,,0,0,7.2,6.2,242.3,1031.3,12.0,24.1,0.0,,0,10,Clear,clear-night,

315,EFHK,2022-10-08T03:00:00,6.0,4.5,4.1,87.61,0.0,33.3,,0,0,8.3,7.2,242.1,1031.0,5.7,24.1,0.0,,0,10,Clear,clear-night,

316,EFHK,2022-10-08T04:00:00,6.1,4.5,3.9,85.8,0.0,14.3,,0,0,10.4,7.9,232.6,1030.7,5.5,24.1,0.0,,0,10,Clear,clear-night,

317,EFHK,2022-10-08T05:00:00,6.3,4.5,3.8,84.03,0.0,14.3,,0,0,12.6,8.6,223.1,1030.3,5.2,24.1,0.0,,0,10,Clear,clear-night,

318,EFHK,2022-10-08T06:00:00,6.5,4.5,3.7,82.29,0.0,14.3,,0,0,14.8,9.4,213.6,1030.0,5.0,24.1,0.0,,0,10,Clear,clear-night,

319,EFHK,2022-10-08T07:00:00,7.1,5.0,4.2,81.8,0.0,14.3,,0,0,19.8,10.8,210.1,1029.7,5.0,24.1,5.7,0.0,0,10,Clear,clear-night,

320,EFHK,2022-10-08T08:00:00,7.7,5.4,4.7,81.31,0.0,14.3,,0,0,24.8,12.2,206.6,1029.3,5.0,24.1,11.3,0.0,0,10,Clear,clear-day,

321,EFHK,2022-10-08T09:00:00,8.3,6.0,5.2,80.82,0.0,14.3,,0,0,29.9,13.7,203.1,1029.0,5.0,24.1,17.0,0.1,0,10,Clear,clear-day,

322,EFHK,2022-10-08T10:00:00,9.1,6.7,5.5,78.0,0.0,19.0,,0,0,31.4,15.6,204.3,1028.7,5.7,24.1,93.3,0.4,1,10,Clear,clear-day,

323,EFHK,2022-10-08T11:00:00,9.9,7.5,5.8,75.31,0.0,19.0,,0,0,33.0,17.5,205.5,1028.3,6.5,24.1,169.7,0.6,2,10,Clear,clear-day,

324,EFHK,2022-10-08T12:00:00,10.8,10.8,6.1,72.73,0.0,19.0,,0,0,34.6,19.4,206.7,1028.0,7.1,24.1,246.0,0.9,2,10,Clear,clear-day,

325,EFHK,2022-10-08T13:00:00,11.1,11.1,6.9,75.67,0.0,19.0,,0,0,36.0,20.2,208.2,1027.3,38.1,24.1,262.7,1.0,3,10,Partially cloudy,partly-cloudy-day,

326,EFHK,2022-10-08T14:00:00,11.4,11.4,7.8,78.71,0.0,19.0,,0,0,37.4,20.9,209.7,1026.7,69.0,24.1,279.3,1.0,3,10,Partially cloudy,partly-cloudy-day,

327,EFHK,2022-10-08T15:00:00,11.7,11.7,8.7,81.83,0.0,19.0,,0,0,38.9,21.6,211.2,1026.0,100.0,24.1,296.0,1.1,3,10,Overcast,cloudy,

328,EFHK,2022-10-08T16:00:00,11.7,11.7,8.9,82.58,0.0,19.0,,0,0,40.3,22.4,212.8,1025.0,95.9,24.1,230.7,0.9,2,10,Overcast,cloudy,

329,EFHK,2022-10-08T17:00:00,11.8,11.8,9.1,83.34,0.0,19.0,,0,0,41.8,23.3,214.4,1024.0,91.7,24.1,165.3,0.6,2,10,Overcast,cloudy,

330,EFHK,2022-10-08T18:00:00,11.9,11.9,9.3,84.1,0.1,19.0,rain,0,0,43.2,24.1,216.0,1023.0,87.6,24.1,100.0,0.4,1,10,Partially cloudy,partly-cloudy-day,

331,EFHK,2022-10-08T19:00:00,11.7,11.7,9.3,85.21,0.0,19.0,,0,0,43.3,24.0,219.1,1022.3,91.7,24.1,67.0,0.3,0,10,Overcast,cloudy,

332,EFHK,2022-10-08T20:00:00,11.4,11.4,9.3,86.35,0.0,19.0,,0,0,43.4,23.9,222.1,1021.7,95.9,24.1,34.0,0.1,0,10,Overcast,cloudy,

333,EFHK,2022-10-08T21:00:00,11.3,11.3,9.3,87.5,0.1,19.0,rain,0,0,43.6,23.8,225.2,1021.0,100.0,24.1,1.0,0.0,0,10,Overcast,cloudy,

334,EFHK,2022-10-08T22:00:00,11.3,11.3,9.3,87.31,0.0,42.9,,0,0,43.2,23.8,226.0,1020.3,100.0,24.1,0.7,0.0,0,10,Overcast,cloudy,

335,EFHK,2022-10-08T23:00:00,11.3,11.3,9.3,87.11,0.0,42.9,,0,0,42.8,23.8,226.7,1019.7,100.0,24.1,0.3,0.0,0,10,Overcast,cloudy,

336,EFHK,2022-10-09T00:00:00,11.4,11.4,9.3,86.92,0.1,42.9,rain,0,0,42.5,23.8,227.5,1019.0,100.0,24.1,0.0,,0,10,Overcast,cloudy,

337,EFHK,2022-10-09T01:00:00,11.3,11.3,9.3,87.11,0.0,42.9,,0,0,43.0,23.5,227.0,1018.3,97.9,24.1,0.0,,0,10,Overcast,cloudy,

338,EFHK,2022-10-09T02:00:00,11.3,11.3,9.3,87.31,0.0,42.9,,0,0,43.4,23.3,226.6,1017.7,95.9,24.1,0.0,,0,10,Overcast,cloudy,

339,EFHK,2022-10-09T03:00:00,11.3,11.3,9.3,87.5,0.1,42.9,rain,0,0,43.9,23.0,226.1,1017.0,93.8,24.1,0.0,,0,10,Overcast,cloudy,

340,EFHK,2022-10-09T04:00:00,11.4,11.4,9.3,86.93,0.0,28.6,,0,0,44.2,23.9,226.8,1016.0,95.9,24.1,0.0,,0,10,Overcast,cloudy,

341,EFHK,2022-10-09T05:00:00,11.5,11.5,9.3,86.36,0.0,28.6,,0,0,44.4,24.7,227.4,1015.0,97.9,24.1,0.0,,0,10,Overcast,cloudy,

342,EFHK,2022-10-09T06:00:00,11.7,11.7,9.4,85.79,0.1,28.6,rain,0,0,44.6,25.6,228.1,1014.0,100.0,24.1,0.0,,0,10,Overcast,cloudy,

343,EFHK,2022-10-09T07:00:00,11.5,11.5,9.2,85.77,0.0,28.6,,0,0,44.8,25.0,229.9,1013.3,89.6,24.1,3.7,0.0,0,10,Partially cloudy,partly-cloudy-night,

344,EFHK,2022-10-09T08:00:00,11.3,11.3,9.0,85.76,0.0,28.6,,0,0,44.9,24.4,231.6,1012.7,79.2,24.1,7.3,0.0,0,10,Partially cloudy,partly-cloudy-day,

345,EFHK,2022-10-09T09:00:00,11.2,11.2,8.9,85.74,0.2,28.6,rain,0,0,45.0,23.8,233.4,1012.0,68.8,24.1,11.0,0.0,0,10,Partially cloudy,partly-cloudy-day,

346,EFHK,2022-10-09T10:00:00,11.3,11.3,8.9,85.37,0.0,23.8,,0,0,45.2,24.2,231.5,1011.3,79.2,24.1,34.7,0.2,0,10,Partially cloudy,partly-cloudy-day,

347,EFHK,2022-10-09T11:00:00,11.4,11.4,9.0,85.0,0.0,23.8,,0,0,45.5,24.7,229.6,1010.7,89.6,24.1,58.3,0.3,1,10,Partially cloudy,partly-cloudy-day,

348,EFHK,2022-10-09T12:00:00,11.6,11.6,9.1,84.63,0.0,23.8,,0,0,45.7,25.2,227.7,1010.0,100.0,24.1,82.0,0.3,1,10,Overcast,cloudy,

349,EFHK,2022-10-09T13:00:00,11.5,11.5,9.1,84.82,0.0,23.8,,0,0,46.7,25.7,228.0,1009.3,100.0,24.1,77.0,0.3,1,10,Overcast,cloudy,

350,EFHK,2022-10-09T14:00:00,11.5,11.5,9.1,85.01,0.0,23.8,,0,0,47.6,26.2,228.3,1008.7,100.0,24.1,72.0,0.2,1,10,Overcast,cloudy,

351,EFHK,2022-10-09T15:00:00,11.5,11.5,9.1,85.19,0.0,23.8,,0,0,48.6,26.6,228.6,1008.0,100.0,24.1,67.0,0.2,1,10,Overcast,cloudy,

352,EFHK,2022-10-09T16:00:00,11.3,11.3,8.9,84.99,0.0,33.3,,0,0,46.3,24.2,231.2,1007.3,100.0,24.0,53.7,0.2,1,10,Overcast,cloudy,

353,EFHK,2022-10-09T17:00:00,11.2,11.2,8.7,84.78,0.0,33.3,,0,0,44.0,21.8,233.7,1006.7,100.0,23.8,40.3,0.1,0,10,Overcast,cloudy,

354,EFHK,2022-10-09T18:00:00,11.1,11.1,8.6,84.58,0.3,33.3,rain,0,0,41.8,19.4,236.3,1006.0,100.0,23.7,27.0,0.1,0,10,Overcast,cloudy,

355,EFHK,2022-10-09T19:00:00,11.0,11.0,8.5,84.57,0.0,33.3,,0,0,40.6,19.2,234.3,1005.7,100.0,23.8,18.0,0.1,0,10,Overcast,cloudy,

356,EFHK,2022-10-09T20:00:00,10.9,10.9,8.4,84.56,0.0,33.3,,0,0,39.4,19.0,232.3,1005.3,100.0,24.0,9.0,0.0,0,10,Overcast,cloudy,

357,EFHK,2022-10-09T21:00:00,10.9,10.9,8.4,84.55,0.2,33.3,rain,0,0,38.2,18.7,230.3,1005.0,100.0,24.1,0.0,,0,10,Overcast,cloudy,

358,EFHK,2022-10-09T22:00:00,10.6,10.6,8.2,85.1,0.0,33.3,,0,0,38.0,17.6,233.1,1004.3,81.6,24.1,0.0,,0,10,Partially cloudy,partly-cloudy-night,

359,EFHK,2022-10-09T23:00:00,10.4,10.4,8.1,85.66,0.0,33.3,,0,0,37.9,16.6,236.0,1003.7,63.2,24.1,0.0,,0,10,Partially cloudy,partly-cloudy-night,

